{
    "learning_rate": 0.0006287608261952666,
    "in_activation": "sigmoid",
    "h_activation": "sigmoid",
    "out_activation": "relu",
    "h_kernel_size": 5,
    "hidden_filters": 46,
    "out_kernel_size": 7,
    "weight_kl": 0.06520235535315982,
    "beta_1": 0.8203556168159303,
    "beta_2": 0.15558005063355992,
    "epsilon": 2.7742815780300855e-05,
    "amsgrad": false,
    "decay_steps": 8410,
    "decay_rate": 0.9232016808113246
}