{
    "mean": 0.0004291016057409468,
    "std": 1.2136419578062354e-06
}
